Email,Consent Date
rgray@sfse.dev,2026-02-04T21:45:26.000Z
jperkins@sfse.dev,2026-02-04T21:45:26.000Z
bbarra@sfse.dev,2026-02-04T21:45:26.000Z
bwatkins@sfse.dev,2026-02-04T21:45:26.000Z
bharmon@sfse.dev,2026-02-04T21:45:26.000Z
sjones@sfse.dev,2026-02-04T21:45:26.000Z
dhart@sfse.dev,2026-02-04T21:45:26.000Z
sishikawa@sfse.dev,2026-02-04T21:45:26.000Z
mmcdaniel@sfse.dev,2026-02-04T21:45:26.000Z
gwalker@sfse.dev,2026-02-04T21:45:26.000Z
bmcclure@sfse.dev,2026-02-04T21:45:26.000Z
tgreen@sfse.dev,2026-02-04T21:45:26.000Z
dhauck@sfse.dev,2026-02-04T21:45:26.000Z
gmazzotta@sfse.dev,2026-02-04T21:45:26.000Z
pfeager@sfse.dev,2026-02-04T21:45:26.000Z
asong@sfse.dev,2026-02-04T21:45:26.000Z
mmetz@sfse.dev,2026-02-04T21:45:26.000Z
jweiss@sfse.dev,2026-02-04T21:45:26.000Z
amiller@sfse.dev,2026-02-04T21:45:26.000Z
ddistributor@sfse.dev,2026-02-04T21:45:26.000Z
cfriedman@sfse.dev,2026-02-04T21:45:26.000Z
klopez@sfse.dev,2026-02-04T21:45:26.000Z
jwu@sfse.dev,2026-02-04T21:45:26.000Z
bhodges@sfse.dev,2026-02-04T21:45:26.000Z
wchopra@sfse.dev,2026-02-04T21:45:26.000Z
smurphy@sfse.dev,2026-02-04T21:45:26.000Z
jkane@sfse.dev,2026-02-04T21:45:26.000Z
scurran@sfse.dev,2026-02-04T21:45:26.000Z
kfitzpatrick@sfse.dev,2026-02-04T21:45:26.000Z
eflachbarth@sfse.dev,2026-02-04T21:45:26.000Z
rjanzen@sfse.dev,2026-02-04T21:45:26.000Z
haxworth@sfse.dev,2026-02-04T21:45:26.000Z
dmacintosh@sfse.dev,2026-02-04T21:45:26.000Z
lgonzales@sfse.dev,2026-02-04T21:45:26.000Z
ghoskins@sfse.dev,2026-02-04T21:45:26.000Z
rsimpson@sfse.dev,2026-02-04T21:45:26.000Z
mgarcia@sfse.dev,2026-02-04T21:45:26.000Z
msmith@sfse.dev,2026-02-04T21:45:26.000Z
rweiss@sfse.dev,2026-02-04T21:45:26.000Z
phouston@sfse.dev,2026-02-04T21:45:26.000Z
tbullock@sfse.dev,2026-02-04T21:45:26.000Z
mmalmin@sfse.dev,2026-02-04T21:45:26.000Z
abowden@sfse.dev,2026-02-04T21:45:26.000Z
xavier.acme@sfse.dev,2026-02-04T21:45:26.000Z
ppartner@sfse.dev,2026-02-04T21:45:26.000Z
lbailey@sfse.dev,2026-02-04T21:45:26.000Z
lbaxter@sfse.dev,2026-02-04T21:45:26.000Z
sphillips@sfse.dev,2026-02-04T21:45:26.000Z
jturner@sfse.dev,2026-02-04T21:45:26.000Z
yvette.acme@sfse.dev,2026-02-04T21:45:26.000Z
amercer@sfse.dev,2026-02-04T21:45:26.000Z
cpost@sfse.dev,2026-02-04T21:45:26.000Z
mkingston@sfse.dev,2026-02-04T21:45:26.000Z
apearson@sfse.dev,2026-02-04T21:45:26.000Z
banastasio@sfse.dev,2026-02-04T21:45:26.000Z
ekendra@sfse.dev,2026-02-04T21:45:26.000Z
jason.brennaman@sfse.dev,2026-02-04T21:45:26.000Z
dadelson@sfse.dev,2026-02-04T21:45:26.000Z
breitz@sfse.dev,2026-02-04T21:45:26.000Z
hbasirat@sfse.dev,2026-02-04T21:45:26.000Z
jdillon@sfse.dev,2026-02-04T21:45:26.000Z
bmack@sfse.dev,2026-02-04T21:45:26.000Z
bmartin@sfse.dev,2026-02-04T21:45:26.000Z
jlambert@sfse.dev,2026-02-04T21:45:26.000Z
kpearson@sfse.dev,2026-02-04T21:45:26.000Z
jbergman@sfse.dev,2026-02-04T21:45:26.000Z
chwang@sfse.dev,2026-02-04T21:45:26.000Z
dhomme@sfse.dev,2026-02-04T21:45:26.000Z
sdulaney@sfse.dev,2026-02-04T21:45:26.000Z
larchibald@sfse.dev,2026-02-04T21:45:26.000Z
mviviano@sfse.dev,2026-02-04T21:45:26.000Z
heverhart@sfse.dev,2026-02-04T21:45:26.000Z
bowens@sfse.dev,2026-02-04T21:45:26.000Z
lnovak@sfse.dev,2026-02-04T21:45:26.000Z
ssilver@sfse.dev,2026-02-04T21:45:26.000Z
scompetente@sfse.dev,2026-02-04T21:45:26.000Z
rlloyd@sfse.dev,2026-02-04T21:45:26.000Z
dharris@sfse.dev,2026-02-04T21:45:26.000Z
tdavis@sfse.dev,2026-02-04T21:45:26.000Z
krend@sfse.dev,2026-02-04T21:45:26.000Z
jallegri@sfse.dev,2026-02-04T21:45:26.000Z
nsullivan@sfse.dev,2026-02-04T21:45:26.000Z
ccolli@sfse.dev,2026-02-04T21:45:26.000Z
bwarkentine@sfse.dev,2026-02-04T21:45:26.000Z
ssutherland@sfse.dev,2026-02-04T21:45:26.000Z
byoung@sfse.dev,2026-02-04T21:45:26.000Z
ngrace@sfse.dev,2026-02-04T21:45:26.000Z
tbaxter@sfse.dev,2026-02-04T21:45:26.000Z
whardin@sfse.dev,2026-02-04T21:45:26.000Z
mwelch@sfse.dev,2026-02-04T21:45:26.000Z
kwells@sfse.dev,2026-02-04T21:45:26.000Z
mpassini@sfse.dev,2026-02-04T21:45:26.000Z
smcneil@sfse.dev,2026-02-04T21:45:26.000Z
acme.dispatcher@sfse.dev,2026-02-04T21:45:26.000Z
dcollins@sfse.dev,2026-02-04T21:45:26.000Z
apeterson@sfse.dev,2026-02-04T21:45:26.000Z
afrost@sfse.dev,2026-02-04T21:45:26.000Z
mchan@sfse.dev,2026-02-04T21:45:26.000Z
radkins@sfse.dev,2026-02-04T21:45:26.000Z
sknudson@sfse.dev,2026-02-04T21:45:26.000Z
lkuchenreuther@sfse.dev,2026-02-04T21:45:26.000Z
sjohanson@sfse.dev,2026-02-04T21:45:26.000Z
mdillon@sfse.dev,2026-02-04T21:45:26.000Z
spavlova@sfse.dev,2026-02-04T21:45:26.000Z
ayates@sfse.dev,2026-02-04T21:45:26.000Z
tsimes@sfse.dev,2026-02-04T21:45:26.000Z
zach.acme@sfse.dev,2026-02-04T21:45:26.000Z
dfitzgerald112@sfse.dev,2026-02-04T21:45:26.000Z
b2bguest@sfse.dev,2026-02-04T21:45:26.000Z
ssmith@sfse.dev,2026-02-04T21:45:26.000Z
tpiazza@sfse.dev,2026-02-04T21:45:26.000Z
sclink@sfse.dev,2026-02-04T21:45:26.000Z
ctezak@sfse.dev,2026-02-04T21:45:26.000Z
otran@sfse.dev,2026-02-04T21:45:26.000Z
mlexington@sfse.dev,2026-02-04T21:45:26.000Z
sforbes@sfse.dev,2026-02-04T21:45:26.000Z
jrogers@sfse.dev,2026-02-04T21:45:26.000Z
tjames@sfse.dev,2026-02-04T21:45:26.000Z
ajohnson@sfse.dev,2026-02-04T21:45:26.000Z
rgonzalez@sfse.dev,2026-02-04T21:45:26.000Z
ewalsh@sfse.dev,2026-02-04T21:45:26.000Z
ehennessy@sfse.dev,2026-02-04T21:45:26.000Z
jgreen@sfse.dev,2026-02-04T21:45:26.000Z
rfontana@sfse.dev,2026-02-04T21:45:26.000Z
pfoss@sfse.dev,2026-02-04T21:45:26.000Z
mbasch@sfse.dev,2026-02-04T21:45:26.000Z
treseller@sfse.dev,2026-02-04T21:45:26.000Z
wmartin@sfse.dev,2026-02-04T21:45:26.000Z
robrien@sfse.dev,2026-02-04T21:45:26.000Z
jgillespie@sfse.dev,2026-02-04T21:45:26.000Z
mgreen@sfse.dev,2026-02-04T21:45:26.000Z
bolson@sfse.dev,2026-02-04T21:45:26.000Z
jodom@sfse.dev,2026-02-04T21:45:26.000Z
bblau@sfse.dev,2026-02-04T21:45:26.000Z
rreid@sfse.dev,2026-02-04T21:45:26.000Z
jblay@sfse.dev,2026-02-04T21:45:26.000Z
ctempley@sfse.dev,2026-02-04T21:45:26.000Z
ljones@sfse.dev,2026-02-04T21:45:26.000Z
drose@sfse.dev,2026-02-04T21:45:26.000Z
lrossi@sfse.dev,2026-02-04T21:45:26.000Z
bbrown@sfse.dev,2026-02-04T21:45:26.000Z
sjeffries@sfse.dev,2026-02-04T21:45:26.000Z
pking@sfse.dev,2026-02-04T21:45:26.000Z
iscott@sfse.dev,2026-02-04T21:45:26.000Z
lcollins@sfse.dev,2026-02-04T21:45:26.000Z
wind@sfse.dev,2026-02-04T21:45:26.000Z
lukas.bosco@sfse.dev,2026-02-04T21:45:26.000Z
btannehill@sfse.dev,2026-02-04T21:45:26.000Z
bhillhouse@sfse.dev,2026-02-04T21:45:26.000Z
jpresswood@sfse.dev,2026-02-04T21:45:26.000Z
cgridley@sfse.dev,2026-02-04T21:45:26.000Z
landrew@sfse.dev,2026-02-04T21:45:26.000Z
gbrassfield@sfse.dev,2026-02-04T21:45:26.000Z
jgenest@sfse.dev,2026-02-04T21:45:26.000Z
jmaxfield@sfse.dev,2026-02-04T21:45:26.000Z
dmarcellus@sfse.dev,2026-02-04T21:45:26.000Z
tmillwood@sfse.dev,2026-02-04T21:45:26.000Z
holes@sfse.dev,2026-02-04T21:45:26.000Z
bswarts@sfse.dev,2026-02-04T21:45:26.000Z
jbeedle@sfse.dev,2026-02-04T21:45:26.000Z
lmccleery@sfse.dev,2026-02-04T21:45:26.000Z
gokamoto@sfse.dev,2026-02-04T21:45:26.000Z
dcavazos@sfse.dev,2026-02-04T21:45:26.000Z
slafortune@sfse.dev,2026-02-04T21:45:26.000Z
mamaral@sfse.dev,2026-02-04T21:45:26.000Z
javallone@sfse.dev,2026-02-04T21:45:26.000Z
jpridgen@sfse.dev,2026-02-04T21:45:26.000Z
abenninger@sfse.dev,2026-02-04T21:45:26.000Z
james.barker@sfse.dev,2026-02-04T21:45:26.000Z
assa.barak@sfse.dev,2026-02-04T21:45:26.000Z
ddennehy@sfse.dev,2026-02-04T21:45:26.000Z
mlavender@sfse.dev,2026-02-04T21:45:26.000Z
dhawes@sfse.dev,2026-02-04T21:45:26.000Z
pwillson@sfse.dev,2026-02-04T21:45:26.000Z
dhalsey@sfse.dev,2026-02-04T21:45:26.000Z
tkrier@sfse.dev,2026-02-04T21:45:26.000Z
bzook@sfse.dev,2026-02-04T21:45:26.000Z
dquast@sfse.dev,2026-02-04T21:45:26.000Z
bettie.veum@sfse.dev,2026-02-04T21:45:26.000Z
tbaxter@sfse.dev,2026-02-04T21:45:26.000Z
jerome.anderson@sfse.dev,2026-02-04T21:45:26.000Z
samanta.kulas@sfse.dev,2026-02-04T21:45:26.000Z
teresa.deckow@sfse.dev,2026-02-04T21:45:26.000Z
breereitz@sfse.dev,2026-02-04T21:45:26.000Z
mhuff@sfse.dev,2026-02-04T21:45:26.000Z
marketingmtw@sfse.dev,2026-02-04T21:45:26.000Z
geabel@sfse.dev,2026-02-04T21:45:26.000Z
stella.leannon@sfse.dev,2026-02-04T21:45:26.000Z
ksease@sfse.dev,2026-02-04T21:45:26.000Z
anewsom@sfse.dev,2026-02-04T21:45:26.000Z
msalyer@sfse.dev,2026-02-04T21:45:26.000Z
svickery@sfse.dev,2026-02-04T21:45:26.000Z
tshock@sfse.dev,2026-02-04T21:45:26.000Z
kdeskins@sfse.dev,2026-02-04T21:45:26.000Z
rtindall@sfse.dev,2026-02-04T21:45:26.000Z
bjiron@sfse.dev,2026-02-04T21:45:26.000Z
jalonso@sfse.dev,2026-02-04T21:45:26.000Z
tjanzen@sfse.dev,2026-02-04T21:45:26.000Z
sjack@sfse.dev,2026-02-04T21:45:26.000Z
jheilemann@sfse.dev,2026-02-04T21:45:26.000Z
lreynolds@sfse.dev,2026-02-04T21:45:26.000Z
ablitzer@sfse.dev,2026-02-04T21:45:26.000Z
dduckett@sfse.dev,2026-02-04T21:45:26.000Z
dmcgoldrick@sfse.dev,2026-02-04T21:45:26.000Z
sknopf@sfse.dev,2026-02-04T21:45:26.000Z
jdupont@sfse.dev,2026-02-04T21:45:26.000Z
lgaiser@sfse.dev,2026-02-04T21:45:26.000Z
dohagan@sfse.dev,2026-02-04T21:45:26.000Z
drio@sfse.dev,2026-02-04T21:45:26.000Z
jchew@sfse.dev,2026-02-04T21:45:26.000Z
gkaczor@sfse.dev,2026-02-04T21:45:26.000Z
gbohan@sfse.dev,2026-02-04T21:45:26.000Z
rshultz@sfse.dev,2026-02-04T21:45:26.000Z
vjarrard@sfse.dev,2026-02-04T21:45:26.000Z
luz.adams@sfse.dev,2026-02-04T21:45:26.000Z
fcaster@sfse.dev,2026-02-04T21:45:26.000Z
brucewatkins@sfse.dev,2026-02-04T21:45:26.000Z
ablizter@sfse.dev,2026-02-04T21:45:26.000Z
kenna.west@sfse.dev,2026-02-04T21:45:26.000Z
rudy.lehner@sfse.dev,2026-02-04T21:45:26.000Z
dmilbrath@sfse.dev,2026-02-04T21:45:26.000Z
joanna.ball@sfse.dev,2026-02-04T21:45:26.000Z
lizsmyth@sfse.dev,2026-02-04T21:45:26.000Z
rmccrory@sfse.dev,2026-02-04T21:45:26.000Z
afulcher@sfse.dev,2026-02-04T21:45:26.000Z
dshain@sfse.dev,2026-02-04T21:45:26.000Z
jhoman@sfse.dev,2026-02-04T21:45:26.000Z
rbell@sfse.dev,2026-02-04T21:45:26.000Z
mmikoto@sfse.dev,2026-02-04T21:45:26.000Z
lbailey@sfse.dev,2026-02-04T21:45:26.000Z
dblank@sfse.dev,2026-02-04T21:45:26.000Z
mcampbell@sfse.dev,2026-02-04T21:45:26.000Z
llarry@sfse.dev,2026-02-04T21:45:26.000Z
bgrissom@sfse.dev,2026-02-04T21:45:26.000Z
gpalumbo@sfse.dev,2026-02-04T21:45:26.000Z
khendrick@sfse.dev,2026-02-04T21:45:26.000Z
jcraddock@sfse.dev,2026-02-04T21:45:26.000Z
btorbert@sfse.dev,2026-02-04T21:45:26.000Z
ffenwick@sfse.dev,2026-02-04T21:45:26.000Z
janperkins@sfse.dev,2026-02-04T21:45:26.000Z
rsimpson@sfse.dev,2026-02-04T21:45:26.000Z
delphia.deckow@sfse.dev,2026-02-04T21:45:26.000Z
wrey@sfse.dev,2026-02-04T21:45:26.000Z
mbraswell@sfse.dev,2026-02-04T21:45:26.000Z
klincoln@sfse.dev,2026-02-04T21:45:26.000Z
sschlenker@sfse.dev,2026-02-04T21:45:26.000Z
kwalsh@sfse.dev,2026-02-04T21:45:26.000Z
kcrespo@sfse.dev,2026-02-04T21:45:26.000Z
elouden@sfse.dev,2026-02-04T21:45:26.000Z
mhanes@sfse.dev,2026-02-04T21:45:26.000Z
mangel@sfse.dev,2026-02-04T21:45:26.000Z
kwoolum@sfse.dev,2026-02-04T21:45:26.000Z
pridout@sfse.dev,2026-02-04T21:45:26.000Z
alejandrin.bergnaum@sfse.dev,2026-02-04T21:45:26.000Z
nichole.keeling@sfse.dev,2026-02-04T21:45:26.000Z
ghotkins@sfse.dev,2026-02-04T21:45:26.000Z
johan.dach@sfse.dev,2026-02-04T21:45:26.000Z
pandrews@sfse.dev,2026-02-04T21:45:26.000Z
clement.schroeder@sfse.dev,2026-02-04T21:45:26.000Z
brice.flatley@sfse.dev,2026-02-04T21:45:26.000Z
dcollins@sfse.dev,2026-02-04T21:45:26.000Z
antoinette.harber@sfse.dev,2026-02-04T21:45:26.000Z
dmunk@sfse.dev,2026-02-04T21:45:26.000Z
tgoetz@sfse.dev,2026-02-04T21:45:26.000Z
jlively@sfse.dev,2026-02-04T21:45:26.000Z
dboehme@sfse.dev,2026-02-04T21:45:26.000Z
mharwood@sfse.dev,2026-02-04T21:45:26.000Z
ekerry@sfse.dev,2026-02-04T21:45:26.000Z
afrost@sfse.dev,2026-02-04T21:45:26.000Z
eldora.mraz@sfse.dev,2026-02-04T21:45:26.000Z
sophia.wiza@sfse.dev,2026-02-04T21:45:26.000Z
qpoirier@sfse.dev,2026-02-04T21:45:26.000Z
whardin@sfse.dev,2026-02-04T21:45:26.000Z
msmith@sfse.dev,2026-02-04T21:45:26.000Z
jwilliams@sfse.dev,2026-02-04T21:45:26.000Z
rweiss@sfse.dev,2026-02-04T21:45:26.000Z
kschueller@sfse.dev,2026-02-04T21:45:26.000Z
cmauro@sfse.dev,2026-02-04T21:45:26.000Z
nmoles@sfse.dev,2026-02-04T21:45:26.000Z
nnassar@sfse.dev,2026-02-04T21:45:26.000Z
lortis@sfse.dev,2026-02-04T21:45:26.000Z
lgainey@sfse.dev,2026-02-04T21:45:26.000Z
jacuna@sfse.dev,2026-02-04T21:45:26.000Z
ntorkelson@sfse.dev,2026-02-04T21:45:26.000Z
rquayle@sfse.dev,2026-02-04T21:45:26.000Z
tgunther@sfse.dev,2026-02-04T21:45:26.000Z
mscharff@sfse.dev,2026-02-04T21:45:26.000Z
groyals@sfse.dev,2026-02-04T21:45:26.000Z
plundell@sfse.dev,2026-02-04T21:45:26.000Z
frencher@sfse.dev,2026-02-04T21:45:26.000Z
shenke@sfse.dev,2026-02-04T21:45:26.000Z
ckinard@sfse.dev,2026-02-04T21:45:26.000Z
lmiller@sfse.dev,2026-02-04T21:45:26.000Z
odell.walker@sfse.dev,2026-02-04T21:45:26.000Z
clincoln@sfse.dev,2026-02-04T21:45:26.000Z
fwrobel@sfse.dev,2026-02-04T21:45:26.000Z
amccleery@sfse.dev,2026-02-04T21:45:26.000Z
rchannell@sfse.dev,2026-02-04T21:45:26.000Z
pambler@sfse.dev,2026-02-04T21:45:26.000Z
rsolano@sfse.dev,2026-02-04T21:45:26.000Z
bshuler@sfse.dev,2026-02-04T21:45:26.000Z
tryder@sfse.dev,2026-02-04T21:45:26.000Z
ccripe@sfse.dev,2026-02-04T21:45:26.000Z
rdauphin@sfse.dev,2026-02-04T21:45:26.000Z
kwestrick@sfse.dev,2026-02-04T21:45:26.000Z
haxworth@sfse.dev,2026-02-04T21:45:26.000Z
mathilde.hoeger@sfse.dev,2026-02-04T21:45:26.000Z
tquillen@sfse.dev,2026-02-04T21:45:26.000Z
twarford@sfse.dev,2026-02-04T21:45:26.000Z
tisaacs@sfse.dev,2026-02-04T21:45:26.000Z
dfabela@sfse.dev,2026-02-04T21:45:26.000Z
gryles@sfse.dev,2026-02-04T21:45:26.000Z
zbarreto@sfse.dev,2026-02-04T21:45:26.000Z
nbailey@sfse.dev,2026-02-04T21:45:26.000Z
mcontraras@sfse.dev,2026-02-04T21:45:26.000Z
preynolds@sfse.dev,2026-02-04T21:45:26.000Z
cgoodell@sfse.dev,2026-02-04T21:45:26.000Z
jkrauss@sfse.dev,2026-02-04T21:45:26.000Z
ccruz@sfse.dev,2026-02-04T21:45:26.000Z
cfrancis@sfse.dev,2026-02-04T21:45:26.000Z
bcaudle@sfse.dev,2026-02-04T21:45:26.000Z
magali.mueller@sfse.dev,2026-02-04T21:45:26.000Z
marciviviano@sfse.dev,2026-02-04T21:45:26.000Z
cristinhwang@sfse.dev,2026-02-04T21:45:26.000Z
rjanzen@sfse.dev,2026-02-04T21:45:26.000Z
mwelch@sfse.dev,2026-02-04T21:45:26.000Z
mfuller@sfse.dev,2026-02-04T21:45:26.000Z
kyra.collins@sfse.dev,2026-02-04T21:45:26.000Z
mcarone@sfse.dev,2026-02-04T21:45:26.000Z
dashford@sfse.dev,2026-02-04T21:45:26.000Z
gblankenship@sfse.dev,2026-02-04T21:45:26.000Z
syocum@sfse.dev,2026-02-04T21:45:26.000Z
ccohn@sfse.dev,2026-02-04T21:45:26.000Z
jmoeller@sfse.dev,2026-02-04T21:45:26.000Z
smorehead@sfse.dev,2026-02-04T21:45:26.000Z
tmabery@sfse.dev,2026-02-04T21:45:26.000Z
lmark@sfse.dev,2026-02-04T21:45:26.000Z
btoliver@sfse.dev,2026-02-04T21:45:26.000Z
eperera@sfse.dev,2026-02-04T21:45:26.000Z
lrobinson@sfse.dev,2026-02-04T21:45:26.000Z
rjackson@sfse.dev,2026-02-04T21:45:26.000Z
jbettis@sfse.dev,2026-02-04T21:45:26.000Z
jeff.rogers@sfse.dev,2026-02-04T21:45:26.000Z
crogers@sfse.dev,2026-02-04T21:45:26.000Z
swendy@sfse.dev,2026-02-04T21:45:26.000Z
gmontz@sfse.dev,2026-02-04T21:45:26.000Z
blentz@sfse.dev,2026-02-04T21:45:26.000Z
dtirado@sfse.dev,2026-02-04T21:45:26.000Z
mgarcia@sfse.dev,2026-02-04T21:45:26.000Z
owens@sfse.dev,2026-02-04T21:45:26.000Z
shaydulaney@sfse.dev,2026-02-04T21:45:26.000Z
trese@sfse.dev,2026-02-04T21:45:26.000Z
caleb.little@sfse.dev,2026-02-04T21:45:26.000Z
antonio.koelpin@sfse.dev,2026-02-04T21:45:26.000Z
lloydarchibald@sfse.dev,2026-02-04T21:45:26.000Z
aclaude@sfse.dev,2026-02-04T21:45:26.000Z
awilcott@sfse.dev,2026-02-04T21:45:26.000Z
rherrick@sfse.dev,2026-02-04T21:45:26.000Z
nwendy@sfse.dev,2026-02-04T21:45:26.000Z
jpaxton@sfse.dev,2026-02-04T21:45:26.000Z
bseale@sfse.dev,2026-02-04T21:45:26.000Z
bpiche@sfse.dev,2026-02-04T21:45:26.000Z
klorenzo@sfse.dev,2026-02-04T21:45:26.000Z
thone@sfse.dev,2026-02-04T21:45:26.000Z
kjankowski@sfse.dev,2026-02-04T21:45:26.000Z
sspurrier@sfse.dev,2026-02-04T21:45:26.000Z
jamy@sfse.dev,2026-02-04T21:45:26.000Z
blenz@sfse.dev,2026-02-04T21:45:26.000Z
kbedard@sfse.dev,2026-02-04T21:45:26.000Z
jbarnes@sfse.dev,2026-02-04T21:45:26.000Z
hrennata@sfse.dev,2026-02-04T21:45:26.000Z
bonniebarra@sfse.dev,2026-02-04T21:45:26.000Z
dd@sfse.dev,2026-02-04T21:45:26.000Z
deepanker@sfse.dev,2026-02-04T21:45:26.000Z
dmacintosh@sfse.dev,2026-02-04T21:45:26.000Z
lgonzales@sfse.dev,2026-02-04T21:45:26.000Z
rschimke@sfse.dev,2026-02-04T21:45:26.000Z
davidhomme@sfse.dev,2026-02-04T21:45:26.000Z
ahenkels@sfse.dev,2026-02-04T21:45:26.000Z
apeterson@sfse.dev,2026-02-04T21:45:26.000Z
apassemard@sfse.dev,2026-02-04T21:45:26.000Z
lbailey@sfse.dev,2026-02-04T21:45:26.000Z
avelasquez@sfse.dev,2026-02-04T21:45:26.000Z
rstein@sfse.dev,2026-02-04T21:45:26.000Z
tatz@sfse.dev,2026-02-04T21:45:26.000Z
snguyen@sfse.dev,2026-02-04T21:45:26.000Z
spomerantz@sfse.dev,2026-02-04T21:45:26.000Z
jsigler@sfse.dev,2026-02-04T21:45:26.000Z
kstoughton@sfse.dev,2026-02-04T21:45:26.000Z
jgreenbaum@sfse.dev,2026-02-04T21:45:26.000Z
lreddick@sfse.dev,2026-02-04T21:45:26.000Z
sshatzer@sfse.dev,2026-02-04T21:45:26.000Z
lhostetler@sfse.dev,2026-02-04T21:45:26.000Z
hcaplan@sfse.dev,2026-02-04T21:45:26.000Z
lsmyth@sfse.dev,2026-02-04T21:45:26.000Z
vmccaffery@sfse.dev,2026-02-04T21:45:26.000Z
kbell@sfse.dev,2026-02-04T21:45:26.000Z
jjoseph@sfse.dev,2026-02-04T21:45:26.000Z
dclaridge@sfse.dev,2026-02-04T21:45:26.000Z
kclausen@sfse.dev,2026-02-04T21:45:26.000Z
dsturz@sfse.dev,2026-02-04T21:45:26.000Z
tarlint@sfse.dev,2026-02-04T21:45:26.000Z
wfredrickson@sfse.dev,2026-02-04T21:45:26.000Z
mhead@sfse.dev,2026-02-04T21:45:26.000Z
kclark@sfse.dev,2026-02-04T21:45:26.000Z
mertie.strosin@sfse.dev,2026-02-04T21:45:26.000Z
minnie.mraz@sfse.dev,2026-02-04T21:45:26.000Z
mpassini@sfse.dev,2026-02-04T21:45:26.000Z
tcody@sfse.dev,2026-02-04T21:45:26.000Z
tsuch@sfse.dev,2026-02-04T21:45:26.000Z
ksmith@sfse.dev,2026-02-04T21:45:26.000Z
jcullen@sfse.dev,2026-02-04T21:45:26.000Z
ibrown@sfse.dev,2026-02-04T21:45:26.000Z
dmelton@sfse.dev,2026-02-04T21:45:26.000Z
peter@sfse.dev,2026-02-04T21:45:26.000Z
sfetveit@sfse.dev,2026-02-04T21:45:26.000Z
ltalbott@sfse.dev,2026-02-04T21:45:26.000Z
tmiller@sfse.dev,2026-02-04T21:45:26.000Z
tmonson@sfse.dev,2026-02-04T21:45:26.000Z
mconners@sfse.dev,2026-02-04T21:45:26.000Z
pfanning@sfse.dev,2026-02-04T21:45:26.000Z
lbaxter@sfse.dev,2026-02-04T21:45:26.000Z
cullen.wolf@sfse.dev,2026-02-04T21:45:26.000Z
slaughlin@sfse.dev,2026-02-04T21:45:26.000Z
lmccue@sfse.dev,2026-02-04T21:45:26.000Z
rgiggs@sfse.dev,2026-02-04T21:45:26.000Z
kwells@sfse.dev,2026-02-04T21:45:26.000Z
lpletcher@sfse.dev,2026-02-04T21:45:26.000Z
jrodman@sfse.dev,2026-02-04T21:45:26.000Z
jsilvis@sfse.dev,2026-02-04T21:45:26.000Z
creiber@sfse.dev,2026-02-04T21:45:26.000Z
rbissett@sfse.dev,2026-02-04T21:45:26.000Z
rtopps@sfse.dev,2026-02-04T21:45:26.000Z
lschmidt@sfse.dev,2026-02-04T21:45:26.000Z
gmakris@sfse.dev,2026-02-04T21:45:26.000Z
fmann@sfse.dev,2026-02-04T21:45:26.000Z
wravenwood@sfse.dev,2026-02-04T21:45:26.000Z
jthompson@sfse.dev,2026-02-04T21:45:26.000Z
rabelin@sfse.dev,2026-02-04T21:45:26.000Z
csmith@sfse.dev,2026-02-04T21:45:26.000Z
dfitzgerald@sfse.dev,2026-02-04T21:45:26.000Z
jsandoval@sfse.dev,2026-02-04T21:45:26.000Z
jconti@sfse.dev,2026-02-04T21:45:26.000Z
gdon@sfse.dev,2026-02-04T21:45:26.000Z
jstivender@sfse.dev,2026-02-04T21:45:26.000Z
shibbard@sfse.dev,2026-02-04T21:45:26.000Z
jrobins@sfse.dev,2026-02-04T21:45:26.000Z
jbreedlove@sfse.dev,2026-02-04T21:45:26.000Z
dhartze@sfse.dev,2026-02-04T21:45:26.000Z
cjardine@sfse.dev,2026-02-04T21:45:26.000Z
lpoulton@sfse.dev,2026-02-04T21:45:26.000Z
jim.thompson@sfse.dev,2026-02-04T21:45:26.000Z
eburdette@sfse.dev,2026-02-04T21:45:26.000Z
cmunstertiger@sfse.dev,2026-02-04T21:45:26.000Z
jthomas@sfse.dev,2026-02-04T21:45:26.000Z
sboyce@sfse.dev,2026-02-04T21:45:26.000Z
blossett@sfse.dev,2026-02-04T21:45:26.000Z
hamidbasirat@sfse.dev,2026-02-04T21:45:26.000Z
smcneil@sfse.dev,2026-02-04T21:45:26.000Z
lbolivar@sfse.dev,2026-02-04T21:45:26.000Z
ahorst@sfse.dev,2026-02-04T21:45:26.000Z
rmui@sfse.dev,2026-02-04T21:45:26.000Z
yashworth@sfse.dev,2026-02-04T21:45:26.000Z
lboettcher@sfse.dev,2026-02-04T21:45:26.000Z
sodegard@sfse.dev,2026-02-04T21:45:26.000Z
gmaclean@sfse.dev,2026-02-04T21:45:26.000Z
cfatz@sfse.dev,2026-02-04T21:45:26.000Z
tcavanagh@sfse.dev,2026-02-04T21:45:26.000Z
mvanheel@sfse.dev,2026-02-04T21:45:26.000Z
tpropp@sfse.dev,2026-02-04T21:45:26.000Z
gmetzger@sfse.dev,2026-02-04T21:45:26.000Z
rsing@sfse.dev,2026-02-04T21:45:26.000Z
sideas@sfse.dev,2026-02-04T21:45:26.000Z
wind@sfse.dev,2026-02-04T21:45:26.000Z
cboldy@sfse.dev,2026-02-04T21:45:26.000Z
hollieeverhart@sfse.dev,2026-02-04T21:45:26.000Z
rgiggs+1@sfse.dev,2026-02-04T21:45:26.000Z
eleanore.stroman@sfse.dev,2026-02-04T21:45:26.000Z
awildt@sfse.dev,2026-02-04T21:45:26.000Z
ronreid@sfse.dev,2026-02-04T21:45:26.000Z
dwein@sfse.dev,2026-02-04T21:45:26.000Z
ereardon@sfse.dev,2026-02-04T21:45:26.000Z
kslayden@sfse.dev,2026-02-04T21:45:26.000Z
blawhon@sfse.dev,2026-02-04T21:45:26.000Z
lauriepearson@sfse.dev,2026-02-04T21:45:26.000Z
rstevenson@sfse.dev,2026-02-04T21:45:26.000Z
jyates@sfse.dev,2026-02-04T21:45:26.000Z
kgrisham@sfse.dev,2026-02-04T21:45:26.000Z
dpotter@sfse.dev,2026-02-04T21:45:26.000Z
kchance@sfse.dev,2026-02-04T21:45:26.000Z
roabelin@sfse.dev,2026-02-04T21:45:26.000Z
glavoie@sfse.dev,2026-02-04T21:45:26.000Z
smcewan@sfse.dev,2026-02-04T21:45:26.000Z
snitz@sfse.dev,2026-02-04T21:45:26.000Z
sorvis@sfse.dev,2026-02-04T21:45:26.000Z
lnolen@sfse.dev,2026-02-04T21:45:26.000Z
cfong@sfse.dev,2026-02-04T21:45:26.000Z
emcintire@sfse.dev,2026-02-04T21:45:26.000Z
clecroy@sfse.dev,2026-02-04T21:45:26.000Z
ssteptoe@sfse.dev,2026-02-04T21:45:26.000Z
btowles@sfse.dev,2026-02-04T21:45:26.000Z
lplaster@sfse.dev,2026-02-04T21:45:26.000Z
lyu@sfse.dev,2026-02-04T21:45:26.000Z
jkriegar@sfse.dev,2026-02-04T21:45:26.000Z
dmontelius@sfse.dev,2026-02-04T21:45:26.000Z
gpate@sfse.dev,2026-02-04T21:45:26.000Z
fcross@sfse.dev,2026-02-04T21:45:26.000Z
ksalwey@sfse.dev,2026-02-04T21:45:26.000Z
bpetritz@sfse.dev,2026-02-04T21:45:26.000Z
manderson@sfse.dev,2026-02-04T21:45:26.000Z
gkewo@sfse.dev,2026-02-04T21:45:26.000Z
michael@sfse.dev,2026-02-04T21:45:26.000Z
salazar@sfse.dev,2026-02-04T21:45:26.000Z
gmoore@sfse.dev,2026-02-04T21:45:26.000Z
thornton@sfse.dev,2026-02-04T21:45:26.000Z
